{
  "accuracy": 0.8191252779836916,
  "precision": 0.11844660194174757,
  "recall": 0.10463121783876501,
  "f1": 0.1111111111111111,
  "roc_auc": 0.6071659837796363
}