{
  "accuracy": 0.7351742031134173,
  "precision": 0.1282952548330404,
  "recall": 0.2504288164665523,
  "f1": 0.16966879721092387,
  "roc_auc": 0.5832201523960088
}